support,itemsets
0.002438033319788704,"frozenset({'Hon Deluxe Fabric Upholstered Stacking Chairs, Rounded Back'})"
0.0014221861032100772,frozenset({'Self-Adhesive Address Labels for Typewriters by Universal'})
0.0016253555465258025,frozenset({'Bretford CR4500 Series Slim Rectangular Table'})
0.0010158472165786266,"frozenset({""Eldon Fold 'N Roll Cart System""})"
0.0010158472165786266,"frozenset({'Eldon Expressions Wood and Plastic Desk Accessories, Cherry Wood'})"
0.001219016659894352,frozenset({'Newell 322'})
0.0020316944331572532,frozenset({'DXL Angle-View Binders with Locking Rings by Samsill'})
0.0014221861032100772,frozenset({'Belkin F5C206VTEL 6 Outlet Surge'})
0.0018285249898415277,frozenset({'Chromcraft Rectangular Conference Tables'})
0.0010158472165786266,frozenset({'Xerox 1967'})
0.0016253555465258025,frozenset({'Fellowes PB200 Plastic Comb Binding Machine'})
0.0020316944331572532,"frozenset({'Holmes Replacement Filter for HEPA Air Cleaner, Very Large Room, HEPA Filter'})"
0.0016253555465258025,frozenset({'Storex DuraTech Recycled Plastic Frosted Binders'})
0.0010158472165786266,"frozenset({'Stur-D-Stor Shelving, Vertical 5-Shelf: 72""H x 36""W x 18 1/2""D'})"
0.0014221861032100772,frozenset({'Newell 341'})
0.0014221861032100772,"frozenset({'Wilson Jones Hanging View Binder, White, 1""'})"
0.0010158472165786266,frozenset({'Newell 318'})
0.0016253555465258025,"frozenset({""Acco Six-Outlet Power Strip, 4' Cord Length""})"
0.0014221861032100772,"frozenset({'Global Deluxe Stacking Chair, Gray'})"
0.001219016659894352,frozenset({'Wilson Jones Active Use Binders'})
0.0010158472165786266,"frozenset({'Riverside Palais Royal Lawyers Bookcase, Royale Cherry Finish'})"
0.0014221861032100772,frozenset({'Avery Recycled Flexi-View Covers for Binding Systems'})
0.0018285249898415277,"frozenset({'Howard Miller 13-3/4"" Diameter Brushed Chrome Round Wall Clock'})"
0.0022348638764729785,frozenset({'Poly String Tie Envelopes'})
0.001219016659894352,"frozenset({'BOSTON Model 1800 Electric Pencil Sharpeners, Putty/Woodgrain'})"
0.0016253555465258025,"frozenset({'Acco Pressboard Covers with Storage Hooks, 14 7/8"" x 11"", Executive Red'})"
0.001219016659894352,frozenset({'Lumber Crayons'})
0.008939455505891914,frozenset({'Easy-staple paper'})
0.0018285249898415277,frozenset({'GE 30524EE4'})
0.0016253555465258025,"frozenset({'Atlantic Metals Mobile 3-Shelf Bookcases, Custom Colors'})"
0.0016253555465258025,"frozenset({""Global Fabric Manager's Chair, Dark Gray""})"
0.0014221861032100772,frozenset({'Panasonic Kx-TS550'})
0.0014221861032100772,"frozenset({'Eldon Base for stackable storage shelf, platinum'})"
0.0010158472165786266,"frozenset({'Verbatim 25 GB 6x Blu-ray Single Layer Recordable Disc, 25/Pack'})"
0.002438033319788704,frozenset({'Wilson Jones Leather-Like Binders with DublLock Round Rings'})
0.001219016659894352,"frozenset({'Gould Plastics 9-Pocket Panel Bin, 18-3/8w x 5-1/4d x 20-1/2h, Black'})"
0.0016253555465258025,frozenset({'ImationÂ\xa08gb Micro Traveldrive Usb 2.0Â\xa0Flash Drive'})
0.0016253555465258025,"frozenset({'LF Elite 3D Dazzle Designer Hard Case Cover, Lf Stylus Pen and Wiper For Apple Iphone 5c Mini Lite'})"
0.0016253555465258025,frozenset({'Avery 485'})
0.0018285249898415277,frozenset({'Longer-Life Soft White Bulbs'})
0.0016253555465258025,"frozenset({'Global Leather Task Chair, Black'})"
0.0014221861032100772,frozenset({'Advantus Push Pins'})
0.0014221861032100772,frozenset({'Home/Office Personal File Carts'})
0.001219016659894352,frozenset({'Novimex Turbo Task Chair'})
0.0010158472165786266,frozenset({'Plastic Binding Combs'})
0.0016253555465258025,frozenset({'Prang Dustless Chalk Sticks'})
0.001219016659894352,"frozenset({'Verbatim 25 GB 6x Blu-ray Single Layer Recordable Disc, 3/Pack'})"
0.0014221861032100772,"frozenset({'Acco PRESSTEX Data Binder with Storage Hooks, Dark Blue, 14 7/8"" X 11""'})"
0.0010158472165786266,frozenset({'Luxo Economy Swing Arm Lamp'})
0.0018285249898415277,"frozenset({""Global Value Mid-Back Manager's Chair, Gray""})"
0.0014221861032100772,frozenset({'netTALK DUO VoIP Telephone Service'})
0.001219016659894352,"frozenset({'Snap-A-Way Black Print Carbonless Ruled Speed Letter, Triplicate'})"
0.0016253555465258025,frozenset({'Avery Binding System Hidden Tab Executive Style Index Sets'})
0.001219016659894352,"frozenset({'Telephone Message Books with Fax/Mobile Section, 5 1/2"" x 3 3/16""'})"
0.0018285249898415277,"frozenset({""High-Back Leather Manager's Chair""})"
0.001219016659894352,"frozenset({'Tenex Traditional Chairmats for Medium Pile Carpet, Standard Lip, 36"" x 48""'})"
0.0016253555465258025,frozenset({'Safco Industrial Wire Shelving System'})
0.0016253555465258025,"frozenset({'SimpliFile Personal File, Black Granite, 15w x 6-15/16d x 11-1/4h'})"
0.001219016659894352,"frozenset({'1.7 Cubic Foot Compact ""Cube"" Office Refrigerators'})"
0.0010158472165786266,frozenset({'Avery Heavy-Duty EZD  Binder With Locking Rings'})
0.0014221861032100772,"frozenset({'Premium Writing Pencils, Soft, #2 by Central Association for the Blind'})"
0.001219016659894352,"frozenset({'Sortfiler Multipurpose Personal File Organizer, Black'})"
0.0010158472165786266,frozenset({'Safco Industrial Wire Shelving'})
0.0014221861032100772,frozenset({'Novimex Swivel Fabric Task Chair'})
0.001219016659894352,frozenset({'LogitechÂ\xa0LS21 Speaker System - PC Multimedia - 2.1-CH - Wired'})
0.001219016659894352,frozenset({'Avery 511'})
0.0018285249898415277,frozenset({'Eldon Portable Mobile Manager'})
0.0010158472165786266,frozenset({'Xerox 1995'})
0.0014221861032100772,frozenset({'Xerox 1999'})
0.0010158472165786266,"frozenset({'Seth Thomas 13 1/2"" Wall Clock'})"
0.0018285249898415277,frozenset({'Ibico Standard Transparent Covers'})
0.001219016659894352,frozenset({'Flexible Leather- Look Classic Collection Ring Binder'})
0.0016253555465258025,frozenset({'9-3/4 Diameter Round Wall Clock'})
0.0018285249898415277,frozenset({'Fellowes Basic Home/Office Series Surge Protectors'})
0.001219016659894352,frozenset({'SanDisk Ultra 64 GB MicroSDHC Class 10 Memory Card'})
0.0014221861032100772,frozenset({'Avery Hidden Tab Dividers for Binding Systems'})
0.0010158472165786266,frozenset({'Universal Premium White Copier/Laser Paper (20Lb. and 87 Bright)'})
0.0010158472165786266,frozenset({'Logitech K350 2.4Ghz Wireless Keyboard'})
0.001219016659894352,"frozenset({'Deflect-o DuraMat Lighweight, Studded, Beveled Mat for Low Pile Carpeting'})"
0.0014221861032100772,"frozenset({'Avery Trapezoid Ring Binder, 3"" Capacity, Black, 1040 sheets'})"
0.0010158472165786266,frozenset({'Memorex Mini Travel Drive 8 GB USB 2.0 Flash Drive'})
0.0014221861032100772,frozenset({'Newell Chalk Holder'})
0.0016253555465258025,frozenset({'LogitechÂ\xa0Gaming G510s - Keyboard'})
0.0010158472165786266,frozenset({'Magnifier Swing Arm Lamp'})
0.0020316944331572532,"frozenset({'Hunt PowerHouse Electric Pencil Sharpener, Blue'})"
0.0014221861032100772,"frozenset({'Avery Durable Plastic 1"" Binders'})"
0.0014221861032100772,"frozenset({'OIC Colored Binder Clips, Assorted Sizes'})"
0.0014221861032100772,"frozenset({'Redi-Strip #10 Envelopes, 4 1/8 x 9 1/2'})"
0.0014221861032100772,"frozenset({'Tyvek  Top-Opening Peel & Seel Envelopes, Plain White'})"
0.001219016659894352,frozenset({'Hon Racetrack Conference Tables'})
0.0016253555465258025,frozenset({'GBC DocuBind 300 Electric Binding Machine'})
0.0010158472165786266,"frozenset({'Companion Letter/Legal File, Black'})"
0.0014221861032100772,frozenset({'Globe Weis Peel & Seel First Class Envelopes'})
0.0016253555465258025,"frozenset({""Global Deluxe High-Back Manager's Chair""})"
0.0010158472165786266,frozenset({'Bevis 44 x 96 Conference Tables'})
0.0018285249898415277,"frozenset({'Avery Durable Slant Ring Binders, No Labels'})"
0.0014221861032100772,"frozenset({'Trav-L-File Heavy-Duty Shuttle II, Black'})"
0.0010158472165786266,"frozenset({'Global Task Chair, Black'})"
0.0010158472165786266,frozenset({'Eldon Cleatmat Plus Chair Mats for High Pile Carpets'})
0.001219016659894352,frozenset({'Anker 36W 4-Port USB Wall Charger Travel Power Adapter for iPhone 5s 5c 5'})
0.0014221861032100772,frozenset({'Xerox 1916'})
0.009345794392523364,frozenset({'Staples'})
0.0016253555465258025,frozenset({'Xerox 195'})
0.0010158472165786266,frozenset({'Xerox 1880'})
0.0010158472165786266,"frozenset({'Sanford Colorific Colored Pencils, 12/Box'})"
0.0016253555465258025,frozenset({'Ideal Clamps'})
0.0010158472165786266,frozenset({'GBC Wire Binding Strips'})
0.0014221861032100772,frozenset({'Fiskars Softgrip Scissors'})
0.0014221861032100772,frozenset({'Newell 343'})
0.001219016659894352,frozenset({'Convenience Packs of Business Envelopes'})
0.0010158472165786266,frozenset({'Xerox 1911'})
0.001219016659894352,frozenset({'Plantronics CordlessÂ\xa0Phone HeadsetÂ\xa0with In-line Volume - M214C'})
0.0010158472165786266,frozenset({'Anker Astro 15000mAh USB Portable Charger'})
0.0018285249898415277,frozenset({'GBC Prestige Therm-A-Bind Covers'})
0.0014221861032100772,frozenset({'Xerox 1883'})
0.0016253555465258025,"frozenset({'Tenex Personal Project File with Scoop Front Design, Black'})"
0.0016253555465258025,frozenset({'Newell 311'})
0.001219016659894352,frozenset({'Avery 519'})
0.0010158472165786266,frozenset({'Lenovo 17-Key USB Numeric Keypad'})
0.00954896383583909,frozenset({'Staple envelope'})
0.0014221861032100772,frozenset({'Wilson Jones International Size A4 Ring Binders'})
0.0014221861032100772,frozenset({'BIC Brite Liner Highlighters'})
0.0016253555465258025,frozenset({'Space Solutions HD Industrial Steel Shelving.'})
0.002641202763104429,frozenset({'SAFCO Arco Folding Chair'})
0.0010158472165786266,frozenset({'Sanford Liquid Accent Highlighters'})
0.0010158472165786266,frozenset({'Kensington 7 Outlet MasterPiece Power Center'})
0.001219016659894352,frozenset({'JBL Micro Wireless Portable Bluetooth Speaker'})
0.0010158472165786266,frozenset({'Xerox 1913'})
0.0020316944331572532,"frozenset({'Global Value Steno Chair, Gray'})"
0.0010158472165786266,frozenset({'Kensington 7 Outlet MasterPiece HOMEOFFICE Power Control Center'})
0.0010158472165786266,frozenset({'Avery 51'})
0.001219016659894352,"frozenset({'Acco 7-Outlet Masterpiece Power Center, Wihtout Fax/Phone Line Protection'})"
0.0016253555465258025,"frozenset({'Padded Folding Chairs, Black, 4/Carton'})"
0.0014221861032100772,"frozenset({'Tenex File Box, Personal Filing Tote with Lid, Black'})"
0.0010158472165786266,frozenset({'ImationÂ\xa0Secure+ Hardware Encrypted USB 2.0Â\xa0Flash Drive; 16GB'})
0.0010158472165786266,frozenset({'Nokia Lumia 521 (T-Mobile)'})
0.001219016659894352,frozenset({'HP Standard 104 key PS/2 Keyboard'})
0.0016253555465258025,frozenset({'Avery Poly Binder Pockets'})
0.0022348638764729785,frozenset({'SanDisk Ultra 32 GB MicroSDHC Class 10 Memory Card'})
0.0016253555465258025,"frozenset({'Personal Filing Tote with Lid, Black/Gray'})"
0.001219016659894352,"frozenset({'Atlantic Metals Mobile 4-Shelf Bookcases, Custom Colors'})"
0.0020316944331572532,"frozenset({""I Need's 3d Hello Kitty Hybrid Silicone Case Cover for HTC One X 4g with 3d Hello Kitty Stylus Pen Green/pink""})"
0.0016253555465258025,frozenset({'4009 Highlighters by Sanford'})
0.0014221861032100772,"frozenset({'Binney & Smith Crayola Metallic Colored Pencils, 8-Color Set'})"
0.002438033319788704,"frozenset({'Pressboard Covers with Storage Hooks, 9 1/2"" x 11"", Light Blue'})"
0.0010158472165786266,"frozenset({'Eldon 200 Class Desk Accessories, Burgundy'})"
0.001219016659894352,"frozenset({'Tennsco Lockers, Gray'})"
0.0014221861032100772,frozenset({'Panasonic KX-TG6844B Expandable Digital Cordless Telephone'})
0.0010158472165786266,"frozenset({'Advantus Push Pins, Aluminum Head'})"
0.0020316944331572532,"frozenset({'Gould Plastics 18-Pocket Panel Bin, 34w x 5-1/4d x 20-1/2h'})"
0.0016253555465258025,frozenset({'Memorex Micro Travel Drive 8 GB'})
0.0014221861032100772,frozenset({'Avery 505'})
0.0014221861032100772,"frozenset({""O'Sullivan 2-Door Barrister Bookcase in Odessa Pine""})"
0.0018285249898415277,frozenset({'Sony Micro Vault Click 16 GB USB 2.0 Flash Drive'})
0.0010158472165786266,frozenset({'Adtran 1202752G1'})
0.0016253555465258025,frozenset({'OIC Bulk Pack Metal Binder Clips'})
0.001219016659894352,"frozenset({'Executive Impressions 14"" Two-Color Numerals Wall Clock'})"
0.0014221861032100772,frozenset({'Stanley Bostitch Contemporary Electric Pencil Sharpeners'})
0.0016253555465258025,frozenset({'Bevis 36 x 72 Conference Tables'})
0.0016253555465258025,frozenset({'Rogers Deluxe File Chest'})
0.0016253555465258025,frozenset({'Global Low Back Tilter Chair'})
0.0018285249898415277,"frozenset({""Global Push Button Manager's Chair, Indigo""})"
0.0010158472165786266,frozenset({'GBC Instant Index System for Binding Systems'})
0.002438033319788704,frozenset({'Bretford Rectangular Conference Table Tops'})
0.0018285249898415277,frozenset({'LogitechÂ\xa0P710e Mobile Speakerphone'})
0.0016253555465258025,frozenset({'Xerox 4200 Series MultiUse Premium Copy Paper (20Lb. and 84 Bright)'})
0.001219016659894352,frozenset({'Xerox 1957'})
0.0010158472165786266,frozenset({'Luxo Professional Fluorescent Magnifier Lamp with Clamp-Mount Base'})
0.003250711093051605,frozenset({'Staple-based wall hangings'})
0.0010158472165786266,frozenset({'PureGear Roll-On Screen Protector'})
0.0016253555465258025,frozenset({'KI Conference Tables'})
0.0010158472165786266,frozenset({'Safco Steel Mobile File Cart'})
0.0014221861032100772,"frozenset({'Adams Telephone Message Book w/Frequently-Called Numbers Space, 400 Messages per Book'})"
0.0014221861032100772,"frozenset({""Honeywell Enviracaire Portable HEPA Air Cleaner for 17' x 22' Room""})"
0.0020316944331572532,"frozenset({'Global Leather Highback Executive Chair with Pneumatic Height Adjustment, Black'})"
0.001219016659894352,"frozenset({'Wirebound Message Books, Two 4 1/4"" x 5"" Forms per Page'})"
0.0010158472165786266,frozenset({'Tyvek Side-Opening Peel & Seel Expanding Envelopes'})
0.0020316944331572532,"frozenset({'Belkin 19"" Vented Equipment Shelf, Black'})"
0.0010158472165786266,frozenset({'Logitech Mobile Speakerphone P710e -Â\xa0speaker phone'})
0.0010158472165786266,frozenset({'Safco Industrial Shelving'})
0.0018285249898415277,frozenset({'Acco 3-Hole Punch'})
0.0018285249898415277,frozenset({'Microsoft Sculpt Comfort Mouse'})
0.0014221861032100772,"frozenset({'Quartet Omega Colored Chalk, 12/Pack'})"
0.0010158472165786266,frozenset({'Safco Commercial Shelving'})
0.0020316944331572532,frozenset({'Adjustable Depth Letter/Legal Cart'})
0.0030475416497358796,frozenset({'Logitech 910-002974 M325 Wireless Mouse for Web Scrolling'})
0.0010158472165786266,frozenset({'Regeneration Desk Collection'})
0.0016253555465258025,frozenset({'Presstex Flexible Ring Binders'})
0.0016253555465258025,"frozenset({'Ampad Gold Fibre Wirebound Steno Books, 6"" x 9"", Gregg Ruled'})"
0.0016253555465258025,frozenset({'Eldon Simplefile Box Office'})
0.0010158472165786266,frozenset({'Avery 489'})
0.001219016659894352,frozenset({'Round Ring Binders'})
0.0010158472165786266,frozenset({'Bose SoundLink Bluetooth Speaker'})
0.0010158472165786266,"frozenset({'Bevis Round Bullnose 29"" High Table Top'})"
0.0016253555465258025,frozenset({'Xerox 216'})
0.0010158472165786266,frozenset({'Premier Automatic Letter Opener'})
0.0010158472165786266,frozenset({'Avery 512'})
0.0010158472165786266,frozenset({'Logitech Wireless Gaming Headset G930'})
0.0018285249898415277,"frozenset({'Bush Westfield Collection Bookcases, Medium Cherry Finish'})"
0.001219016659894352,"frozenset({'Howard Miller 13"" Diameter Goldtone Round Wall Clock'})"
0.001219016659894352,frozenset({'Global Deluxe Office Fabric Chairs'})
0.0010158472165786266,frozenset({'Eldon ClusterMat Chair Mat with Cordless Antistatic Protection'})
0.0016253555465258025,frozenset({'Ibico Laser Imprintable Binding System Covers'})
0.0016253555465258025,"frozenset({'Vinyl Coated Wire Paper Clips in Organizer Box, 800/Box'})"
0.0014221861032100772,"frozenset({'Tennsco Stur-D-Stor Boltless Shelving, 5 Shelves, 24"" Deep, Sand'})"
0.0010158472165786266,frozenset({'Xerox 1939'})
0.001219016659894352,"frozenset({'Floodlight Indoor Halogen Bulbs, 1 Bulb per Pack, 60 Watts'})"
0.0014221861032100772,frozenset({'Avery Premier Heavy-Duty Binder with Round Locking Rings'})
0.0010158472165786266,frozenset({'BPI Conference Tables'})
0.001219016659894352,frozenset({'Newell 350'})
0.0010158472165786266,frozenset({'Boston Heavy-Duty Trimline Electric Pencil Sharpeners'})
0.0010158472165786266,frozenset({'Faber Castell Col-Erase Pencils'})
0.0016253555465258025,frozenset({'C-Line Cubicle Keepers Polyproplyene Holder With Velcro Backings'})
0.0016253555465258025,frozenset({'Hon 4070 Series Pagoda Armless Upholstered Stacking Chairs'})
0.0010158472165786266,"frozenset({'Eldon Expressions Desk Accessory, Wood Photo Frame, Mahogany'})"
0.0014221861032100772,frozenset({'Xerox 21'})
0.0014221861032100772,"frozenset({'Boston School Pro Electric Pencil Sharpener, 1670'})"
0.0022348638764729785,frozenset({'DMI Arturo Collection Mission-style Design Wood Chair'})
0.0014221861032100772,frozenset({'NETGEAR N750 Dual Band Wi-Fi Gigabit Router'})
0.0014221861032100772,frozenset({'OIC Binder Clips'})
0.001219016659894352,frozenset({'Logitech Wireless Headset h800'})
0.001219016659894352,frozenset({'Telescoping Adjustable Floor Lamp'})
0.001219016659894352,frozenset({'Aastra 57i VoIP phone'})
0.0014221861032100772,"frozenset({'File Shuttle II and Handi-File, Black'})"
0.001219016659894352,frozenset({'Hon 2090 â\x80\x9cPillow Softâ\x80\x9d Series Mid Back Swivel/Tilt Chairs'})
0.001219016659894352,frozenset({'Round Specialty Laser Printer Labels'})
0.0028443722064201544,frozenset({'GBC Premium Transparent Covers with Diagonal Lined Pattern'})
0.0014221861032100772,frozenset({'AT&T 841000 Phone'})
0.0014221861032100772,frozenset({'Wilson Jones Custom Binder Spines & Labels'})
0.00345388053636733,frozenset({'Storex Dura Pro Binders'})
0.0016253555465258025,frozenset({'Hewlett Packard LaserJet 3310 Copier'})
0.0040633888663145065,frozenset({'Avery Non-Stick Binders'})
0.0018285249898415277,frozenset({'Tuff Stuff Recycled Round Ring Binders'})
0.0014221861032100772,frozenset({'Hon 5100 Series Wood Tables'})
0.0010158472165786266,"frozenset({'OIC Binder Clips, Mini, 1/4"" Capacity, Black'})"
0.0014221861032100772,frozenset({'Newell 314'})
0.0010158472165786266,"frozenset({'Square Credit Card Reader, 4 1/2"" x 4 1/2"" x 1"", White'})"
0.001219016659894352,"frozenset({'BIC Brite Liner Highlighters, Chisel Tip'})"
0.0022348638764729785,frozenset({'Xerox 1881'})
0.0014221861032100772,frozenset({'Acco Hanging Data Binders'})
0.001219016659894352,frozenset({'GBC DocuBind P400 Electric Binding System'})
0.0014221861032100772,"frozenset({'Dixon Prang Watercolor Pencils, 10-Color Set with Brush'})"
0.0016253555465258025,"frozenset({'Adams Phone Message Book, 200 Message Capacity, 8 1/16â\x80\x9d x 11â\x80\x9d'})"
0.0014221861032100772,"frozenset({'Avery Address/Shipping Labels for Typewriters, 4"" x 2""'})"
0.0022348638764729785,frozenset({'Global Ergonomic Managers Chair'})
0.0022348638764729785,frozenset({'Newell 333'})
0.0028443722064201544,frozenset({'Eldon Wave Desk Accessories'})
0.0010158472165786266,frozenset({'Wilson Jones â\x80\x9cSnapâ\x80\x9d Scratch Pad Binder Tool for Ring Binders'})
0.0036570499796830555,frozenset({'Staple remover'})
0.001219016659894352,frozenset({'Pizazz Global Quick File'})
0.0010158472165786266,frozenset({'Xerox 1930'})
0.0010158472165786266,frozenset({'NETGEAR AC1750 Dual Band GigabitÂ\xa0Smart WiFi Router'})
0.001219016659894352,frozenset({'Newell 324'})
0.001219016659894352,frozenset({'Xerox 1960'})
0.0010158472165786266,"frozenset({'Office Impressions End Table, 20-1/2""H x 24""W x 20""D'})"
0.0016253555465258025,frozenset({'Holmes Odor Grabber'})
0.0018285249898415277,"frozenset({'GBC Twin Loop Wire Binding Elements, 9/16"" Spine, Black'})"
0.0014221861032100772,"frozenset({'Square Ring Data Binders, Rigid 75 Pt. Covers, 11"" x 14-7/8""'})"
0.001219016659894352,"frozenset({'Hon Practical Foundations 30 x 60 Training Table, Light Gray/Charcoal'})"
0.0016253555465258025,frozenset({'3M Hangers With Command Adhesive'})
0.0022348638764729785,frozenset({'Crayola Colored Pencils'})
0.0020316944331572532,"frozenset({'Angle-D Binders with Locking Rings, Label Holders'})"
0.0020316944331572532,frozenset({'Nortel Meridian M3904 Professional Digital phone'})
0.0018285249898415277,frozenset({'Wilson Jones Century Plastic Molded Ring Binders'})
0.0014221861032100772,frozenset({'Tuf-Vin Binders'})
0.0016253555465258025,"frozenset({'Acme 10"" Easy Grip Assistive Scissors'})"
0.0010158472165786266,frozenset({'Super Decoflex Portable Personal File'})
0.0010158472165786266,"frozenset({'Contico 72""H Heavy-Duty Storage System'})"
0.0018285249898415277,frozenset({'Sony 64GB Class 10 Micro SDHC R40 Memory Card'})
0.001219016659894352,"frozenset({'Avery Hi-Liter EverBold Pen Style Fluorescent Highlighters, 4/Pack'})"
0.002641202763104429,frozenset({'Staple holder'})
0.0014221861032100772,"frozenset({'Wirebound Message Book, 4 per Page'})"
0.001219016659894352,"frozenset({'Bevis Round Conference Table Top, X-Base'})"
0.0010158472165786266,"frozenset({'Wirebound Service Call Books, 5 1/2"" x 4""'})"
0.001219016659894352,frozenset({'Self-Adhesive Removable Labels'})
0.0014221861032100772,frozenset({'Xerox 1908'})
0.0014221861032100772,"frozenset({""O'Sullivan 4-Shelf Bookcase in Odessa Pine""})"
0.0020316944331572532,frozenset({'Xerox 191'})
0.001219016659894352,frozenset({'Bulldog Vacuum Base Pencil Sharpener'})
0.001219016659894352,frozenset({'Bevis Steel Folding Chairs'})
0.001219016659894352,frozenset({'American Pencil'})
0.0010158472165786266,"frozenset({'White Envelopes, White Envelopes with Clear Poly Window'})"
0.0014221861032100772,frozenset({'Crate-A-Files'})
0.001219016659894352,frozenset({'Hon Multipurpose Stacking Arm Chairs'})
0.001219016659894352,frozenset({'Coloredge Poster Frame'})
0.0016253555465258025,frozenset({'GBC VeloBinder Manual Binding System'})
0.0010158472165786266,frozenset({'GBC ProClick 150 Presentation Binding System'})
0.001219016659894352,frozenset({'Woodgrain Magazine Files by Perma'})
0.0016253555465258025,frozenset({'Letter Size Cart'})
0.0016253555465258025,frozenset({'Insertable Tab Post Binder Dividers'})
0.0020316944331572532,frozenset({'Global Deluxe Steno Chair'})
0.0010158472165786266,frozenset({'Aluminum Document Frame'})
0.0016253555465258025,frozenset({'Fellowes Bankers Box Staxonsteel Drawer File/Stacking System'})
0.001219016659894352,frozenset({'Eldon Mobile Mega Data Cart  Mega Stackable  Add-On Trays'})
0.001219016659894352,"frozenset({'Xerox Color Copier Paper, 11"" x 17"", Ream'})"
0.0014221861032100772,frozenset({'Office Star - Ergonomically Designed Knee Chair'})
0.0010158472165786266,frozenset({'Avery 520'})
0.0014221861032100772,"frozenset({'GE General Purpose, Extra Long Life, Showcase & Floodlight Incandescent Bulbs'})"
0.0018285249898415277,frozenset({'Newell 345'})
0.0014221861032100772,frozenset({'Fellowes Bankers Box Recycled Super Stor/Drawer'})
0.0014221861032100772,frozenset({'Boston 1645 Deluxe Heavier-Duty Electric Pencil Sharpener'})
0.0010158472165786266,frozenset({'50 Colored Long Pencils'})
0.0010158472165786266,frozenset({'Deluxe Rollaway Locking File with Drawer'})
0.0010158472165786266,frozenset({'Memorex Mini Travel Drive 16 GB USB 2.0 Flash Drive'})
0.0014221861032100772,"frozenset({'Global Geo Office Task Chair, Gray'})"
0.001219016659894352,frozenset({'Hon 4700 Series Mobuis Mid-Back Task Chairs with Adjustable Arms'})
0.0018285249898415277,frozenset({'Logitech G700s Rechargeable Gaming Mouse'})
0.0018285249898415277,frozenset({'Acco D-Ring Binder w/DublLock'})
0.001219016659894352,frozenset({'Bush Advantage Collection Racetrack Conference Table'})
0.0014221861032100772,frozenset({'Poly Designer Cover & Back'})
0.0016253555465258025,frozenset({'Premier Electric Letter Opener'})
0.0014221861032100772,"frozenset({'Fellowes Premier Superior Surge Suppressor, 10-Outlet, With Phone and Remote'})"
0.0020316944331572532,"frozenset({'Eaton Premium Continuous-Feed Paper, 25% Cotton, Letter Size, White, 1000 Shts/Box'})"
0.0020316944331572532,frozenset({'SAFCO Boltless Steel Shelving'})
0.0018285249898415277,"frozenset({'Decoflex Hanging Personal Folder File, Blue'})"
0.0010158472165786266,"frozenset({'Recycled Desk Saver Line ""While You Were Out"" Book, 5 1/2"" X 4""'})"
0.0010158472165786266,frozenset({'Cisco SPA525G2 IP Phone - Wireless'})
0.0014221861032100772,frozenset({'Prang Colored Pencils'})
0.0014221861032100772,"frozenset({'Fellowes Strictly Business Drawer File, Letter/Legal Size'})"
0.0016253555465258025,frozenset({'Logitech G602 Wireless Gaming Mouse'})
0.0016253555465258025,frozenset({'Alphabetical Labels for Top Tab Filing'})
0.0020316944331572532,"frozenset({""O'Sullivan Living Dimensions 2-Shelf Bookcases""})"
0.0010158472165786266,frozenset({'iHome FM Clock Radio with Lightning Dock'})
0.0014221861032100772,frozenset({'Square Credit Card Reader'})
0.0022348638764729785,frozenset({'Fellowes Officeware Wire Shelving'})
0.0010158472165786266,frozenset({'Colored Envelopes'})
0.0014221861032100772,frozenset({'Clear Mylar Reinforcing Strips'})
0.0014221861032100772,"frozenset({'Howard Miller 14-1/2"" Diameter Chrome Round Wall Clock'})"
0.0020316944331572532,frozenset({'Vinyl Sectional Post Binders'})
0.0022348638764729785,frozenset({'GBC Standard Therm-A-Bind Covers'})
0.0018285249898415277,frozenset({'Global Troy Executive Leather Low-Back Tilter'})
0.001219016659894352,"frozenset({'White Dual Perf Computer Printout Paper, 2700 Sheets, 1 Part, Heavyweight, 20 lbs., 14 7/8 x 11'})"
0.0014221861032100772,frozenset({'Rogers Handheld Barrel Pencil Sharpener'})
0.0010158472165786266,frozenset({'Newell 344'})
0.0010158472165786266,frozenset({'Personal File Boxes with Fold-Down Carry Handle'})
0.0020316944331572532,frozenset({'Fellowes PB500 Electric Punch Plastic Comb Binding Machine with Manual Bind'})
0.001219016659894352,frozenset({'SanDisk Cruzer 32 GB USB Flash Drive'})
0.0014221861032100772,frozenset({'Newell 317'})
0.0020316944331572532,frozenset({'Advantus Rolling Storage Box'})
0.0016253555465258025,frozenset({'Great White Multi-Use Recycled Paper (20Lb. and 84 Bright)'})
0.0016253555465258025,frozenset({'Tennsco Single-Tier Lockers'})
0.002438033319788704,frozenset({'Carina Double Wide Media Storage Towers in Natural & Black'})
0.0010158472165786266,frozenset({'XtraLife ClearVue Slant-D Ring Binders by Cardinal'})
0.0018285249898415277,frozenset({'Motorola HK250 Universal Bluetooth Headset'})
0.0018285249898415277,frozenset({'ImationÂ\xa016GB Mini TravelDrive USB 2.0Â\xa0Flash Drive'})
0.0018285249898415277,frozenset({'Global Commerce Series High-Back Swivel/Tilt Chairs'})
0.001219016659894352,frozenset({'Eldon Gobal File Keepers'})
0.001219016659894352,frozenset({'Martin Yale Chadless Opener Electric Letter Opener'})
0.001219016659894352,"frozenset({'White Business Envelopes with Contemporary Seam, Recycled White Business Envelopes'})"
0.0016253555465258025,frozenset({'Safco Contoured Stacking Chairs'})
0.0014221861032100772,frozenset({'Panasonic KX-TG9471B'})
0.0022348638764729785,frozenset({'Sterilite Officeware Hinged File Box'})
0.0016253555465258025,"frozenset({'Premier Elliptical Ring Binder, Black'})"
0.001219016659894352,frozenset({'Eureka The Boss Cordless Rechargeable Stick Vac'})
0.0030475416497358796,"frozenset({'Situations Contoured Folding Chairs, 4/Set'})"
0.0010158472165786266,frozenset({'Enermax Aurora Lite Keyboard'})
0.0018285249898415277,frozenset({'SanDisk Cruzer 64 GB USB Flash Drive'})
0.0018285249898415277,"frozenset({'Deflect-o EconoMat Studded, No Bevel Mat for Low Pile Carpeting'})"
0.001219016659894352,frozenset({'Avery Printable Repositionable Plastic Tabs'})
0.0022348638764729785,frozenset({'Xerox 1898'})
0.0016253555465258025,frozenset({'HON 5400 Series Task Chairs for Big and Tall'})
0.001219016659894352,"frozenset({'Howard Miller 11-1/2"" Diameter Grantwood Wall Clock'})"
0.0010158472165786266,frozenset({'Advantus T-Pin Paper Clips'})
0.0010158472165786266,frozenset({'Tennsco 16-Compartment Lockers with Coat Rack'})
0.001219016659894352,frozenset({'Zebra Zazzle Fluorescent Highlighters'})
0.001219016659894352,frozenset({'Avery 473'})
0.0022348638764729785,frozenset({'Xerox 226'})
0.0014221861032100772,"frozenset({'GBC Prepunched Paper, 19-Hole, for Binding Systems, 24-lb'})"
0.0010158472165786266,frozenset({'Advantus Panel Wall Acrylic Frame'})
0.0016253555465258025,frozenset({'Cisco SPA301'})
0.0014221861032100772,"frozenset({'GBC White Gloss Covers, Plain Front'})"
0.0014221861032100772,frozenset({'Xerox 222'})
0.0020316944331572532,frozenset({'Hon Every-Day Series Multi-Task Chairs'})
0.001219016659894352,frozenset({'Cush Cases Heavy Duty Rugged Cover Case for Samsung Galaxy S5 - Purple'})
0.0010158472165786266,frozenset({'Newell 332'})
0.0018285249898415277,frozenset({'Acme Value Line Scissors'})
0.0014221861032100772,frozenset({'Martin-Yale Premier Letter Opener'})
0.0016253555465258025,frozenset({'Recycled Pressboard Report Cover with Reinforced Top Hinge'})
0.0016253555465258025,"frozenset({'Dot Matrix Printer Tape Reel Labels, White, 5000/Box'})"
0.0010158472165786266,frozenset({'i.Sound Portable Power - 8000 mAh'})
0.0018285249898415277,frozenset({'Xerox 225'})
0.0010158472165786266,frozenset({'Xerox 1894'})
0.0022348638764729785,frozenset({'Newell 312'})
0.0018285249898415277,frozenset({'Fellowes Superior 10 Outlet Split Surge Protector'})
0.001219016659894352,frozenset({'Dana Halogen Swing-Arm Architect Lamp'})
0.001219016659894352,frozenset({'Mophie Juice Pack Helium for iPhone'})
0.002641202763104429,"frozenset({'Hot File 7-Pocket, Floor Stand'})"
0.001219016659894352,frozenset({'Angle-D Ring Binders'})
0.001219016659894352,frozenset({'Motorola L804'})
0.0010158472165786266,frozenset({'Xerox 1972'})
0.001219016659894352,frozenset({'Cisco 8x8 Inc. 6753i IP Business Phone System'})
0.0016253555465258025,frozenset({'Prestige Round Ring Binders'})
0.0010158472165786266,"frozenset({'DAX Metal Frame, Desktop, Stepped-Edge'})"
0.0018285249898415277,"frozenset({'DAX Value U-Channel Document Frames, Easel Back'})"
0.0018285249898415277,frozenset({'Recycled Easel Ring Binders'})
0.001219016659894352,frozenset({'Grandstream GXP1160 VoIP phone'})
0.0020316944331572532,"frozenset({'Cardinal Slant-D Ring Binder, Heavy Gauge Vinyl'})"
0.001219016659894352,"frozenset({""Global Manager's Adjustable Task Chair, Storm""})"
0.0010158472165786266,"frozenset({'Mini 13-1/2 Capacity Data Binder Rack, Pearl'})"
0.0018285249898415277,"frozenset({'Master Caster Door Stop, Brown'})"
0.0014221861032100772,frozenset({'Belkin Premiere Surge Master II 8-outlet surge protector'})
0.0018285249898415277,"frozenset({'Acco Pressboard Covers with Storage Hooks, 9 1/2"" x 11"", Executive Red'})"
0.0010158472165786266,frozenset({'ImationÂ\xa032GB Pocket Pro USB 3.0Â\xa0Flash DriveÂ\xa0- 32 GB - Black - 1 P ...'})
0.0018285249898415277,frozenset({'Jabra SPEAK 410'})
0.0014221861032100772,frozenset({'Office Star - Mesh Screen back chair with Vinyl seat'})
0.0020316944331572532,frozenset({'Premium Transparent Presentation Covers by GBC'})
0.0010158472165786266,frozenset({'Tripp Lite TLP810NET Broadband Surge for Modem/Fax'})
0.002438033319788704,frozenset({'Wilson Jones Turn Tabs Binder Tool for Ring Binders'})
0.001219016659894352,frozenset({'Eldon 200 Class Desk Accessories'})
0.0014221861032100772,frozenset({'Economy Rollaway Files'})
0.001219016659894352,frozenset({'Avery 480'})
0.0016253555465258025,frozenset({'Xerox 1993'})
0.001219016659894352,"frozenset({'Eureka The Boss Plus 12-Amp Hard Box Upright Vacuum, Red'})"
0.0016253555465258025,frozenset({'Belkin F9H710-06 7 Outlet SurgeMaster Surge Protector'})
0.0010158472165786266,frozenset({'First Data FD10 PIN Pad'})
0.001219016659894352,frozenset({'Avery Durable Poly Binders'})
0.001219016659894352,frozenset({'Airmail Envelopes'})
0.001219016659894352,frozenset({'Space Solutions Commercial Steel Shelving'})
0.001219016659894352,frozenset({'Acme Tagit Stainless Steel Antibacterial Scissors'})
0.0016253555465258025,frozenset({'12-1/2 Diameter Round Wall Clock'})
0.001219016659894352,"frozenset({'Chromcraft Bull-Nose Wood Round Conference Table Top, Wood Base'})"
0.0014221861032100772,"frozenset({'Adams Telephone Message Book W/Dividers/Space For Phone Numbers, 5 1/4""X8 1/2"", 200/Messages'})"
0.001219016659894352,frozenset({'Kensington 6 Outlet Guardian Standard Surge Protector'})
0.0014221861032100772,"frozenset({'Southworth 100% RÃ©sumÃ© Paper, 24lb.'})"
0.0010158472165786266,"frozenset({'Verbatim 25 GB 6x Blu-ray Single Layer Recordable Disc, 10/Pack'})"
0.0010158472165786266,"frozenset({'Howard Miller 13-1/2"" Diameter Rosebrook Wall Clock'})"
0.0022348638764729785,frozenset({'Ibico Hi-Tech Manual Binding System'})
0.001219016659894352,frozenset({'Avery Hanging File Binders'})
0.0014221861032100772,frozenset({'Fellowes Neat Ideas Storage Cubes'})
0.0018285249898415277,"frozenset({'Bush Andora Bookcase, Maple/Graphite Gray Finish'})"
0.001219016659894352,frozenset({'Recycled Eldon Regeneration Jumbo File'})
0.0010158472165786266,frozenset({'Xerox 1977'})
0.0010158472165786266,frozenset({'Avery 490'})
0.0022348638764729785,"frozenset({'Avery 4027 File Folder Labels for Dot Matrix Printers, 5000 Labels per Box, White'})"
0.001219016659894352,frozenset({'GBC Linen Binding Covers'})
0.0014221861032100772,"frozenset({'Tenex ""The Solids"" Textured Chair Mats'})"
0.0016253555465258025,frozenset({'Xerox 220'})
0.0010158472165786266,frozenset({'Fellowes 8 Outlet Superior Workstation Surge Protector'})
0.001219016659894352,"frozenset({""O'Sullivan Living Dimensions 5-Shelf Bookcases""})"
0.0016253555465258025,"frozenset({'#10- 4 1/8"" x 9 1/2"" Security-Tint Envelopes'})"
0.0014221861032100772,frozenset({'Logitech Wireless Performance Mouse MX for PC and Mac'})
0.0016253555465258025,frozenset({'Cardinal Holdit Business Card Pockets'})
0.0010158472165786266,"frozenset({'Howard Miller 13"" Diameter Pewter Finish Round Wall Clock'})"
0.0010158472165786266,"frozenset({'Recycled Data-Pak for Archival Bound Computer Printouts, 12-1/2 x 12-1/2 x 16'})"
0.0010158472165786266,"frozenset({'Seth Thomas 16"" Steel Case Clock'})"
0.001219016659894352,frozenset({'ClearSounds CSC500 Amplified Spirit Phone Corded phone'})
0.001219016659894352,"frozenset({'Personal Folder Holder, Ebony'})"
0.001219016659894352,frozenset({'LogitechÂ\xa0Illuminated - Keyboard'})
0.0014221861032100772,frozenset({'Acco Translucent Poly Ring Binders'})
0.001219016659894352,frozenset({'Avery 508'})
0.0010158472165786266,frozenset({'GBC Standard Plastic Binding Systems Combs'})
0.0016253555465258025,frozenset({'Xerox 196'})
0.0014221861032100772,frozenset({'GBC Durable Plastic Covers'})
0.002438033319788704,frozenset({'Avery Durable Binders'})
0.0014221861032100772,frozenset({'Hewlett Packard 610 Color Digital Copier / Printer'})
0.002641202763104429,frozenset({'Chromcraft Round Conference Tables'})
0.0018285249898415277,frozenset({'Avery 476'})
0.0010158472165786266,frozenset({'Brown Kraft Recycled Envelopes'})
0.001219016659894352,frozenset({'Plantronics S12 Corded Telephone Headset System'})
0.001219016659894352,frozenset({'3-ring staple pack'})
0.0016253555465258025,frozenset({'Fellowes Stor/Drawer Steel Plus Storage Drawers'})
0.0010158472165786266,frozenset({'Electrix Halogen Magnifier Lamp'})
0.001219016659894352,frozenset({'Hon 4070 Series Pagoda Round Back Stacking Chairs'})
0.0016253555465258025,frozenset({'Cardinal EasyOpen D-Ring Binders'})
0.002641202763104429,frozenset({'GBC Instant Report Kit'})
0.0014221861032100772,"frozenset({'C-Line Magnetic Cubicle Keepers, Clear Polypropylene'})"
0.0018285249898415277,frozenset({'Hon GuestStacker Chair'})
0.0010158472165786266,frozenset({'Xerox 1927'})
0.001219016659894352,"frozenset({'Safco Value Mate Series Steel Bookcases, Baked Enamel Finish on Steel, Gray'})"
0.0010158472165786266,frozenset({'Microsoft Natural Ergonomic Keyboard 4000'})
0.0014221861032100772,frozenset({'Cameo Buff Policy Envelopes'})
0.0016253555465258025,frozenset({'Heavy-Duty E-Z-D Binders'})
0.0014221861032100772,"frozenset({'Lifetime Advantage Folding Chairs, 4/Carton'})"
0.001219016659894352,frozenset({'Office Star - Contemporary Task Swivel Chair'})
0.001219016659894352,frozenset({'Cisco Unified IP Phone 7945G VoIP phone'})
0.0022348638764729785,frozenset({'Avery 499'})
0.0014221861032100772,frozenset({'Xerox 1887'})
0.0010158472165786266,frozenset({'Smead Alpha-Z Color-Coded Second Alphabetical Labels and Starter Set'})
0.0014221861032100772,"frozenset({'Executive Impressions 14"" Contract Wall Clock'})"
0.0010158472165786266,frozenset({'Xerox 218'})
0.0010158472165786266,"frozenset({'Eldon Stackable Tray, Side-Load, Legal, Smoke'})"
0.0010158472165786266,frozenset({'Model L Table or Wall-Mount Pencil Sharpener'})
0.001219016659894352,frozenset({'Newell 32'})
0.0010158472165786266,frozenset({'Belkin F9G930V10-GRY 9 Outlet Surge'})
0.0014221861032100772,frozenset({'Razer Tiamat Over Ear 7.1 Surround Sound PC Gaming Headset'})
0.0010158472165786266,frozenset({'Xerox 1968'})
0.0014221861032100772,frozenset({'Global Leather Executive Chair'})
0.0010158472165786266,frozenset({'GBC Recycled Grain Textured Covers'})
0.0010158472165786266,frozenset({'Xerox 1941'})
0.0016253555465258025,frozenset({'Razer Kraken PRO Over Ear PC and Music Headset'})
0.0014221861032100772,frozenset({'Kingston Digital DataTraveler 32GB USB 2.0'})
0.0020316944331572532,frozenset({'Advantus Plastic Paper Clips'})
0.0016253555465258025,frozenset({'Acme Forged Steel Scissors with Black Enamel Handles'})
0.0018285249898415277,frozenset({'Security-Tint Envelopes'})
0.0016253555465258025,"frozenset({'Global Airflow Leather Mesh Back Chair, Black'})"
0.0020316944331572532,frozenset({'Pyle PMP37LED'})
0.001219016659894352,frozenset({'Boston 16801 Nautilus Battery Pencil Sharpener'})
0.0014221861032100772,frozenset({'GBC ProClick Punch Binding System'})
0.0010158472165786266,"frozenset({'Adams Telephone Message Books, 5 1/4â\x80\x9d x 11â\x80\x9d'})"
0.0010158472165786266,"frozenset({""O'Sullivan 3-Shelf Heavy-Duty Bookcases""})"
0.0010158472165786266,frozenset({'Fellowes Binding Cases'})
0.0018285249898415277,frozenset({'Ibico Plastic and Wire Spiral Binding Combs'})
0.0018285249898415277,frozenset({'Avery 486'})
0.001219016659894352,"frozenset({'Linden 10"" Round Wall Clock, Black'})"
0.001219016659894352,frozenset({'DIXON Oriole Pencils'})
0.0016253555465258025,frozenset({'Xerox 202'})
0.0016253555465258025,frozenset({'Xerox 1884'})
0.0010158472165786266,frozenset({'Acme Box Cutter Scissors'})
0.0018285249898415277,frozenset({'Staple magnet'})
0.0010158472165786266,frozenset({'Deluxe Chalkboard Eraser Cleaner'})
0.001219016659894352,frozenset({'LogitechÂ\xa0MX Performance Wireless Mouse'})
0.0020316944331572532,"frozenset({'Logitech B530 USBÂ\xa0HeadsetÂ\xa0-Â\xa0headsetÂ\xa0- Full size, Binaural'})"
0.001219016659894352,"frozenset({'Howard Miller 11-1/2"" Diameter Ridgewood Wall Clock'})"
0.001219016659894352,frozenset({'Avery 483'})
0.0010158472165786266,frozenset({'Large Capacity Hanging Post Binders'})
0.0018285249898415277,frozenset({'GBC Ibimaster 500 Manual ProClick Binding System'})
0.0010158472165786266,frozenset({'Xerox 1910'})
0.0016253555465258025,frozenset({'Logitech G19 Programmable Gaming Keyboard'})
0.0022348638764729785,"frozenset({'Acco Pressboard Covers with Storage Hooks, 14 7/8"" x 11"", Light Blue'})"
0.0014221861032100772,"frozenset({""Lock-Up Easel 'Spel-Binder'""})"
0.001219016659894352,frozenset({'Dax Clear Box Frame'})
0.0018285249898415277,frozenset({'Fellowes Black Plastic Comb Bindings'})
0.0016253555465258025,frozenset({'Eldon Shelf Savers Cubes and Bins'})
0.0010158472165786266,frozenset({'Fluorescent Highlighters by Dixon'})
0.001219016659894352,frozenset({'Nortel Networks T7316 E Nt8 B27'})
0.0018285249898415277,frozenset({'Binding Machine Supplies'})
0.0014221861032100772,frozenset({'Things To Do Today Pad'})
0.001219016659894352,frozenset({'Permanent Self-Adhesive File Folder Labels for Typewriters by Universal'})
0.0014221861032100772,frozenset({'Deluxe Heavy-Duty Vinyl Round Ring Binder'})
0.0010158472165786266,frozenset({'Xerox 1923'})
0.0016253555465258025,frozenset({'Xerox 1931'})
0.001219016659894352,"frozenset({'Bush Westfield Collection Bookcases, Fully Assembled'})"
0.0018285249898415277,frozenset({'Wilson Jones Legal Size Ring Binders'})
0.0016253555465258025,frozenset({'Fellowes High-Stak Drawer Files'})
0.0018285249898415277,"frozenset({'Lesro Sheffield Collection Coffee Table, End Table, Center Table, Corner Table'})"
0.0022348638764729785,frozenset({'Acco Perma 4000 Stacking Storage Drawers'})
0.0022348638764729785,frozenset({'Maxell 4.7GB DVD-R'})
0.0014221861032100772,frozenset({'Kensington 4 Outlet MasterPiece Compact Power Control Center'})
0.001219016659894352,frozenset({'Hypercom P1300 Pinpad'})
0.0010158472165786266,"frozenset({'RSVP Cards & Envelopes, Blank White, 8-1/2"" X 11"", 24 Cards/25 Envelopes/Set'})"
0.001219016659894352,frozenset({'JM Magazine Binder'})
0.001219016659894352,frozenset({'Xerox 213'})
0.0010158472165786266,frozenset({'Fellowes 8 Outlet Superior Workstation Surge Protector w/o Phone/Fax/Modem Protection'})
0.0010158472165786266,"frozenset({'Acco Pressboard Covers with Storage Hooks, 14 7/8"" x 11"", Dark Blue'})"
0.0020316944331572532,frozenset({'Standard Rollaway File with Lock'})
0.001219016659894352,frozenset({'Bevis Boat-Shaped Conference Table'})
0.001219016659894352,"frozenset({'Deflect-o RollaMat Studded, Beveled Mat for Medium Pile Carpeting'})"
0.0010158472165786266,"frozenset({'Riverside Furniture Oval Coffee Table, Oval End Table, End Table with Drawer'})"
0.001219016659894352,frozenset({'Xerox 210'})
0.0010158472165786266,frozenset({'Avery Durable Slant Ring Binders'})
0.002641202763104429,frozenset({'Zipper Ring Binder Pockets'})
0.002641202763104429,frozenset({'Avery File Folder Labels'})
0.0014221861032100772,frozenset({'Xerox 212'})
0.0010158472165786266,frozenset({'Office Impressions Heavy Duty Welded Shelving & Multimedia Storage Drawers'})
0.0016253555465258025,frozenset({'DAX Black Cherry Wood-Tone Poster Frame'})
0.002438033319788704,frozenset({'Wilson Jones Easy Flow II Sheet Lifters'})
0.0014221861032100772,frozenset({'Xerox 188'})
0.001219016659894352,"frozenset({'BIC Brite Liner Grip Highlighters, Assorted, 5/Pack'})"
0.001219016659894352,frozenset({'Samsung Galaxy S III - 16GB - pebble blue (T-Mobile)'})
0.0020316944331572532,"frozenset({'#10- 4 1/8"" x 9 1/2"" Recycled Envelopes'})"
0.0016253555465258025,frozenset({'Acco Suede Grain Vinyl Round Ring Binder'})
0.001219016659894352,frozenset({'Fellowes PB300 Plastic Comb Binding Machine'})
0.0010158472165786266,frozenset({'Laser & Ink Jet Business Envelopes'})
0.001219016659894352,frozenset({'Portable Personal File Box'})
0.001219016659894352,frozenset({'Magna Visual Magnetic Picture Hangers'})
0.0020316944331572532,frozenset({'Plantronics CS510 - Over-the-Head monaural Wireless Headset System'})
0.0016253555465258025,frozenset({'Fellowes Super Stor/Drawer Files'})
0.0010158472165786266,frozenset({'UniKeep View Case Binders'})
0.001219016659894352,"frozenset({'Eldon Delta Triangular Chair Mat, 52"" x 58"", Clear'})"
0.001219016659894352,frozenset({'Enermax Acrylux Wireless Keyboard'})
0.0010158472165786266,frozenset({'G.E. Halogen Desk Lamp Bulbs'})
0.0016253555465258025,frozenset({'Iceberg Mobile Mega Data/Printer Cart'})
0.0036570499796830555,frozenset({'Staples in misc. colors'})
0.0010158472165786266,frozenset({'Global Comet Stacking Arm Chair'})
0.0020316944331572532,frozenset({'GBC Plastic Binding Combs'})
0.0018285249898415277,frozenset({'Xerox 2'})
0.0010158472165786266,frozenset({'Cyber Acoustics AC-202b Speech Recognition Stereo Headset'})
0.0010158472165786266,frozenset({'Cisco SPA508G'})
0.0010158472165786266,frozenset({'Eldon Advantage Chair Mats for Low to Medium Pile Carpets'})
0.0022348638764729785,frozenset({'Aluminum Screw Posts'})
0.0016253555465258025,"frozenset({'Atlantic Metals Mobile 5-Shelf Bookcases, Custom Colors'})"
0.0014221861032100772,"frozenset({'Global Stack Chair without Arms, Black'})"
0.0014221861032100772,frozenset({'DIXON Ticonderoga Erasable Checking Pencils'})
0.001219016659894352,frozenset({'Avery Round Ring Poly Binders'})
0.0018285249898415277,frozenset({'Avery Hole Reinforcements'})
0.0022348638764729785,"frozenset({'Wilson Jones Ledger-Size, Piano-Hinge Binder, 2"", Blue'})"
0.0016253555465258025,frozenset({'Assorted Color Push Pins'})
0.001219016659894352,"frozenset({'GBC Velobind Prepunched Cover Sets, Regency Series'})"
0.0014221861032100772,frozenset({'3M Organizer Strips'})
0.0016253555465258025,frozenset({'Avery Durable Slant Ring Binders With Label Holder'})
0.0010158472165786266,frozenset({'Belkin 8 Outlet SurgeMaster II Gold Surge Protector'})
0.0028443722064201544,"frozenset({'Global High-Back Leather Tilter, Burgundy'})"
0.001219016659894352,frozenset({'Xerox 224'})
0.001219016659894352,frozenset({'Avery 488'})
0.001219016659894352,frozenset({'Innergie mMini Combo Duo USB Travel Charging Kit'})
0.0014221861032100772,frozenset({'AT&T 1080 Corded phone'})
0.0020316944331572532,"frozenset({'Fellowes Mobile File Cart, Black'})"
0.0016253555465258025,frozenset({'GBC Recycled VeloBinder Covers'})
0.001219016659894352,frozenset({'Newell 326'})
0.001219016659894352,frozenset({'Logitech ClearChat Comfort/USB Headset H390'})
0.0010158472165786266,"frozenset({'Rediform Wirebound ""Phone Memo"" Message Book, 11 x 5-3/4'})"
0.002438033319788704,"frozenset({'GBC Standard Recycled Report Covers, Clear Plastic Sheets'})"
0.0014221861032100772,frozenset({'invisibleSHIELD by ZAGG Smudge-Free Screen Protector'})
0.0010158472165786266,frozenset({'Xerox 1905'})
0.0014221861032100772,frozenset({'Newell 351'})
0.00345388053636733,frozenset({'KI Adjustable-Height Table'})
0.0014221861032100772,frozenset({'Xerox 1945'})
0.0010158472165786266,frozenset({'Steel Personal Filing/Posting Tote'})
0.0016253555465258025,frozenset({'Stockwell Push Pins'})
0.001219016659894352,frozenset({'Hoover Shoulder Vac Commercial Portable Vacuum'})
0.0014221861032100772,frozenset({'Brother DCP1000 Digital 3 in 1 Multifunction Machine'})
0.0010158472165786266,"frozenset({'Eldon Regeneration Recycled Desk Accessories, Smoke'})"
0.0014221861032100772,"frozenset({'Crayola Anti Dust Chalk, 12/Pack'})"
0.0010158472165786266,"frozenset({'SAFCO Commercial Wire Shelving, 72h'})"
0.001219016659894352,"frozenset({'Chromcraft 48"" x 96"" Racetrack Double Pedestal Table'})"
0.0018285249898415277,"frozenset({'Cardinal HOLDit! Binder Insert Strips,Extra Strips'})"
0.0016253555465258025,frozenset({'Xerox 1996'})
0.001219016659894352,frozenset({'Iris Project Case'})
0.001219016659894352,"frozenset({'Avery 3 1/2"" Diskette Storage Pages, 10/Pack'})"
0.0010158472165786266,frozenset({'Staple-on labels'})
0.0016253555465258025,frozenset({'Harbour Creations Steel Folding Chair'})
0.0014221861032100772,frozenset({'Wireless Extenders zBoost YX545 SOHO Signal Booster'})
0.0014221861032100772,"frozenset({'OIC #2 Pencils, Medium Soft'})"
0.0014221861032100772,frozenset({'Peel & Stick Add-On Corner Pockets'})
0.0016253555465258025,"frozenset({'Carina 42""Hx23 3/4""W Media Storage Unit'})"
0.0016253555465258025,frozenset({'Toshiba IPT2010-SD IPÂ\xa0Telephone'})
0.0016253555465258025,frozenset({'GuestStacker Chair with Chrome Finish Legs'})
0.0014221861032100772,frozenset({'Ultra Door Push Plate'})
0.001219016659894352,frozenset({'Global Chrome Stack Chair'})
0.001219016659894352,frozenset({'Newell 315'})
0.0016253555465258025,frozenset({'Pressboard Data Binders by Wilson Jones'})
0.0016253555465258025,frozenset({'Wilson Jones Standard D-Ring Binders'})
0.0010158472165786266,frozenset({'Carina Media Storage Towers in Natural & Black'})
0.0010158472165786266,"frozenset({'Blue String-Tie & Button Interoffice Envelopes, 10 x 13'})"
0.0010158472165786266,frozenset({'Canon Imageclass D680 Copier / Fax'})
0.001219016659894352,frozenset({'24-Hour Round Wall Clock'})
0.001219016659894352,frozenset({'Eldon Radial Chair Mat for Low to Medium Pile Carpets'})
0.0010158472165786266,"frozenset({'Eldon Image Series Desk Accessories, Ebony'})"
0.0010158472165786266,frozenset({'Samsung Replacement EH64AVFWE Premium Headset'})
0.0016253555465258025,frozenset({'GBC DocuBind P100 Manual Binding Machine'})
0.0010158472165786266,frozenset({'Hon Non-Folding Utility Tables'})
0.0016253555465258025,frozenset({'Bestar Classic Bookcase'})
0.0014221861032100772,frozenset({'Office Star - Contemporary Swivel Chair with Padded Adjustable Arms and Flex Back'})
0.0018285249898415277,frozenset({'Mitel MiVoice 5330e IP Phone'})
0.0018285249898415277,frozenset({'Westinghouse Clip-On Gooseneck Lamps'})
0.001219016659894352,frozenset({'Howard Miller Distant Time Traveler Alarm Clock'})
0.002438033319788704,frozenset({'Tennsco Double-Tier Lockers'})
0.001219016659894352,frozenset({'Wilson SignalBoost 841262 DB PRO Amplifier Kit'})
0.0020316944331572532,"frozenset({'XtraLife ClearVue Slant-D Ring Binder, White, 3""'})"
0.0010158472165786266,"frozenset({'Ampad Phone Message Book, Recycled, 400 Message Capacity, 5 Â¾â\x80\x9d x 11â\x80\x9d'})"
0.002438033319788704,frozenset({'Fellowes Bankers Box Stor/Drawer Steel Plus'})
0.0016253555465258025,"frozenset({'Performers Binder/Pad Holder, Black'})"
0.0014221861032100772,frozenset({'Office Star Flex Back Scooter Chair with White Frame'})
0.001219016659894352,frozenset({'Panasonic KP-380BK Classic Electric Pencil Sharpener'})
0.0010158472165786266,frozenset({'Memorex Froggy Flash Drive 4 GB'})
0.0022348638764729785,frozenset({'Geemarc AmpliPOWER60'})
0.0020316944331572532,frozenset({'Avery Arch Ring Binders'})
0.0016253555465258025,frozenset({'Xerox 1915'})
0.0016253555465258025,frozenset({'Avery Reinforcements for Hole-Punch Pages'})
0.001219016659894352,frozenset({'BIC Liqua Brite Liner'})
0.002641202763104429,"frozenset({'ACCOHIDE 3-Ring Binder, Blue, 1""'})"
0.0018285249898415277,frozenset({'Belkin 6 Outlet Metallic Surge Strip'})
0.0010158472165786266,"frozenset({'Eureka Recycled Copy Paper 8 1/2"" x 11"", Ream'})"
0.0014221861032100772,frozenset({'Memorex Froggy Flash Drive 8 GB'})
0.0016253555465258025,frozenset({'Acco 6 Outlet Guardian Premium Surge Suppressor'})
0.0010158472165786266,frozenset({'Avoid Verbal Orders Carbonless Minifold Book'})
0.0020316944331572532,"frozenset({'SAFCO Commercial Wire Shelving, Black'})"
0.0014221861032100772,frozenset({'Tensor Computer Mounted Lamp'})
0.001219016659894352,frozenset({'Polycom SoundPoint IP 450 VoIP phone'})
0.0010158472165786266,"frozenset({'Rediform S.O.S. 1-Up Phone Message Bk, 4-1/4x3-1/16 Bk, 1 Form/Pg, 40 Messages/Bk, 3/Pk'})"
0.001219016659894352,frozenset({'Avery 494'})
0.0018285249898415277,frozenset({'Newell 35'})
0.0010158472165786266,frozenset({'Hanging Personal Folder File'})
0.0018285249898415277,frozenset({'Xerox 1909'})
0.0010158472165786266,"frozenset({'Leather Task Chair, Black'})"
0.0010158472165786266,"frozenset({'It\'s Hot Message Books with Stickers, 2 3/4"" x 5""'})"
0.0018285249898415277,frozenset({'Digium D40 VoIP phone'})
0.0016253555465258025,frozenset({'Case Logic 2.4GHz Wireless Keyboard'})
0.002438033319788704,frozenset({'Logitech Desktop MK120 Mouse and keyboard Combo'})
0.0016253555465258025,"frozenset({'Lesro Round Back Collection Coffee Table, End Table'})"
0.0010158472165786266,frozenset({'Xerox 1934'})
0.0016253555465258025,frozenset({'White Computer Printout Paper by Universal'})
0.001219016659894352,frozenset({'Revere Boxed Rubber Bands by Revere'})
0.0016253555465258025,"frozenset({'Bevis Oval Conference Table, Walnut'})"
0.0016253555465258025,frozenset({'Hon 61000 Series Interactive Training Tables'})
0.0010158472165786266,"frozenset({'Acco PRESSTEX Data Binder with Storage Hooks, Light Blue, 9 1/2"" X 11""'})"
0.0016253555465258025,frozenset({'Xerox 217'})
0.001219016659894352,frozenset({'Xerox 189'})
0.0010158472165786266,frozenset({'GBC Recycled Regency Composition Covers'})
0.0010158472165786266,"frozenset({'DAX Executive Solid Wood Document Frame, Desktop or Hang, Mahogany, 5 x 7'})"
0.0016253555465258025,frozenset({'Samsung Rugby III'})
0.001219016659894352,"frozenset({'Acco Four Pocket Poly Ring Binder with Label Holder, Smoke, 1""'})"
0.001219016659894352,frozenset({'Canvas Sectional Post Binders'})
0.0018285249898415277,frozenset({'Strathmore Photo Mount Cards'})
0.001219016659894352,frozenset({'Xerox 203'})
0.0014221861032100772,frozenset({'Global Super Steno Chair'})
0.0016253555465258025,frozenset({'OtterBox Defender Series Case - Samsung Galaxy S4'})
0.0016253555465258025,frozenset({'Surelock Post Binders'})
0.002641202763104429,frozenset({'Ibico Plastic Spiral Binding Combs'})
0.0014221861032100772,"frozenset({'Iceberg OfficeWorks 42"" Round Tables'})"
0.0018285249898415277,frozenset({'DAX Wood Document Frame'})
0.001219016659894352,frozenset({'Wilson Jones Heavy-Duty Casebound Ring Binders with Metal Hinges'})
0.001219016659894352,"frozenset({""Global Executive Mid-Back Manager's Chair""})"
0.0014221861032100772,frozenset({'Newell 320'})
0.0016253555465258025,"frozenset({'Eldon Image Series Desk Accessories, Burgundy'})"
0.001219016659894352,frozenset({'Xerox 192'})
0.0018285249898415277,frozenset({'X-Rack File for Hanging Folders'})
0.0018285249898415277,frozenset({'Logitech Trackman Marble Mouse'})
0.0020316944331572532,"frozenset({'Adams Telephone Message Book W/Dividers/Space For Phone Numbers, 5 1/4""X8 1/2"", 300/Messages'})"
0.001219016659894352,frozenset({'Acco Perma 3000 Stacking Storage Drawers'})
0.0010158472165786266,"frozenset({'iKross Bluetooth Portable Keyboard + Cell Phone Stand Holder + Brush for Apple iPhone 5S 5C 5, 4S 4'})"
0.0014221861032100772,frozenset({'Ibico Covers for Plastic or Wire Binding Elements'})
0.001219016659894352,frozenset({'Newell 325'})
0.001219016659894352,frozenset({'Xerox 1970'})
0.0014221861032100772,"frozenset({'Master Caster Door Stop, Large Neon Orange'})"
0.0018285249898415277,frozenset({'Xerox 1988'})
0.0014221861032100772,"frozenset({'Neat Ideas Personal Hanging Folder Files, Black'})"
0.001219016659894352,"frozenset({'Rogers Jumbo File, Granite'})"
0.0014221861032100772,"frozenset({'Commercial WindTunnel Clean Air Upright Vacuum, Replacement Belts, Filtration Bags'})"
0.0010158472165786266,"frozenset({'Tenex Personal Self-Stacking Standard File Box, Black/Gray'})"
0.0010158472165786266,frozenset({'Avery 481'})
0.0014221861032100772,frozenset({'Newell 310'})
0.0016253555465258025,frozenset({'Newell 319'})
0.0016253555465258025,frozenset({'Avery 518'})
0.0016253555465258025,frozenset({'Sensible Storage WireTech Storage Systems'})
0.002641202763104429,frozenset({'Kingston Digital DataTraveler 16GB USB 2.0'})
0.0016253555465258025,frozenset({'GBC Imprintable Covers'})
0.0014221861032100772,frozenset({'Newell 347'})
0.0016253555465258025,frozenset({'Belkin F8E887 USB Wired Ergonomic Keyboard'})
0.0014221861032100772,frozenset({'Xerox 1949'})
0.0010158472165786266,frozenset({'Xerox 1886'})
0.0010158472165786266,"frozenset({'Acco Clips to Go Binder Clips, 24 Clips in Two Sizes'})"
0.0010158472165786266,frozenset({'Sauder Inglewood Library Bookcases'})
0.0010158472165786266,frozenset({'Acme Elite Stainless Steel Scissors'})
0.0014221861032100772,"frozenset({'Tenex 46"" x 60"" Computer Anti-Static Chairmat, Rectangular Shaped'})"
0.0022348638764729785,frozenset({'Prang Drawing Pencil Set'})
0.0018285249898415277,"frozenset({'BOSTON Ranger #55 Pencil Sharpener, Black'})"
0.0016253555465258025,frozenset({'VTech DS6151'})
0.0014221861032100772,frozenset({'Peel-Off China Markers'})
0.0014221861032100772,"frozenset({'Wirebound Message Books, Four 2 3/4 x 5 White Forms per Page'})"
0.0016253555465258025,"frozenset({'GE 48"" Fluorescent Tube, Cool White Energy Saver, 34 Watts, 30/Box'})"
0.001219016659894352,frozenset({'Micro Innovations USB RF Wireless Keyboard with Mouse'})
0.0014221861032100772,frozenset({'Plantronics Savi W720 Multi-Device Wireless Headset System'})
0.0010158472165786266,frozenset({'Jawbone MINI JAMBOX Wireless Bluetooth Speaker'})
0.0010158472165786266,frozenset({'Weyerhaeuser First Choice Laser/Copy Paper (20Lb. and 88 Bright)'})
0.0010158472165786266,frozenset({'Multicolor Computer Printout Paper'})
0.0016253555465258025,frozenset({'Catalog Binders with Expanding Posts'})
0.0014221861032100772,frozenset({'Binder Clips by OIC'})
0.0018285249898415277,"frozenset({'Wilson Jones 1"" Hanging DublLock Ring Binders'})"
0.0010158472165786266,frozenset({'RCA Visys Integrated PBX 8-Line Router'})
0.0022348638764729785,frozenset({'GBC VeloBind Cover Sets'})
0.0010158472165786266,frozenset({'Colored Push Pins'})
0.0010158472165786266,frozenset({'Logitech G105 Gaming Keyboard'})
0.0010158472165786266,frozenset({'Xerox 1925'})
0.0010158472165786266,frozenset({'QVS USB Car Charger 2-Port 2.1Amp for iPod/iPhone/iPad/iPad 2/iPad 3'})
0.0010158472165786266,frozenset({'DAX Natural Wood-Tone Poster Frame'})
0.0010158472165786266,frozenset({'GBC ProClick Spines for 32-Hole Punch'})
0.001219016659894352,frozenset({'Memorex Micro Travel Drive 16 GB'})
0.0014221861032100772,frozenset({'Nu-Dell Float Frame 11 x 14 1/2'})
0.001219016659894352,frozenset({'Logitech G600 MMO Gaming Mouse'})
0.0014221861032100772,frozenset({'Avanti 4.4 Cu. Ft. Refrigerator'})
0.0010158472165786266,"frozenset({'SAFCO PlanMaster Heigh-Adjustable Drafting Table Base, 43w x 30d x 30-37h, Black'})"
0.001219016659894352,frozenset({'Holmes HEPA Air Purifier'})
0.0010158472165786266,"frozenset({'TRENDnet 56K USB 2.0 Phone, Internet and Fax Modem'})"
0.0010158472165786266,frozenset({'Xerox 231'})
0.0014221861032100772,frozenset({'Hon 2111 Invitation Series Straight Table'})
0.0014221861032100772,frozenset({'Xerox 1962'})
0.0020316944331572532,frozenset({'Wilson Electronics DB Pro Signal Booster'})
0.0014221861032100772,"frozenset({'Sauder Camden County Collection Libraries, Planked Cherry Finish'})"
0.001219016659894352,frozenset({'Advantus Panel Wall Certificate Holder - 8.5x11'})
0.0018285249898415277,"frozenset({'Acco Data Flex Cable Posts For Top & Bottom Load Binders, 6"" Capacity'})"
0.0016253555465258025,frozenset({'Xerox 1919'})
0.001219016659894352,frozenset({'Tops Wirebound Message Log Books'})
0.0010158472165786266,frozenset({'AT&T CL82213'})
0.0014221861032100772,frozenset({'MaxellÂ\xa0LTO Ultrium - 800 GB'})
0.0016253555465258025,frozenset({'Office Star - Professional Matrix Back Chair with 2-to-1 Synchro Tilt and Mesh Fabric Seat'})
0.0016253555465258025,frozenset({'Logitech Wireless Marathon Mouse M705'})
0.0014221861032100772,frozenset({'Mediabridge Sport Armband iPhone 5s'})
0.0010158472165786266,frozenset({'DAX Cubicle Frames - 8x10'})
0.0016253555465258025,frozenset({'Avery 501'})
0.0010158472165786266,frozenset({'Harmony Air Purifier'})
0.0014221861032100772,"frozenset({'Global Stack Chair with Arms, Black'})"
0.0010158472165786266,frozenset({'Xerox 206'})
0.0010158472165786266,"frozenset({'Seth Thomas 14"" Day/Date Wall Clock'})"
0.0010158472165786266,frozenset({'Samsung Galaxy S4 Mini'})
0.001219016659894352,frozenset({'Apple iPhone 5'})
0.0016253555465258025,frozenset({'Polycom VVX 310 VoIP phone'})
0.001219016659894352,frozenset({'Honeywell Quietcare HEPA Air Cleaner'})
0.0020316944331572532,frozenset({'Hon Olson Stacker Stools'})
0.0022348638764729785,frozenset({'Flat Face Poster Frame'})
0.0010158472165786266,"frozenset({'Multi-Use Personal File Cart and Caster Set, Three Stacking Bins'})"
0.0016253555465258025,"frozenset({'Wilson Jones Elliptical Ring 3 1/2"" Capacity Binders, 800 sheets'})"
0.0018285249898415277,frozenset({'Tennsco Industrial Shelving'})
0.001219016659894352,frozenset({'Newell 334'})
0.0010158472165786266,frozenset({'Ultra Door Pull Handle'})
0.001219016659894352,"frozenset({'IBM Multi-Purpose Copy Paper, 8 1/2 x 11"", Case'})"
0.0010158472165786266,frozenset({'Newell 309'})
0.0022348638764729785,frozenset({'GBC DocuBind TL300 Electric Binding System'})
0.0010158472165786266,frozenset({'Global Comet Stacking Armless Chair'})
0.0020316944331572532,frozenset({'Pressboard Hanging Data Binders for Unburst Sheets'})
0.0010158472165786266,"frozenset({'DAX Charcoal/Nickel-Tone Document Frame, 5 x 7'})"
0.0014221861032100772,frozenset({'Xerox 1891'})
0.0018285249898415277,frozenset({'Avery 474'})
0.0010158472165786266,frozenset({'Panasonic KX T7736-B Digital phone'})
0.001219016659894352,frozenset({'GBC DocuBind TL200 Manual Binding Machine'})
0.0014221861032100772,frozenset({'Global Commerce Series Low-Back Swivel/Tilt Chairs'})
0.0010158472165786266,frozenset({'Cisco SPA 502G IP Phone'})
0.0018285249898415277,frozenset({'Xerox 214'})
0.001219016659894352,"frozenset({""O'Sullivan 2-Shelf Heavy-Duty Bookcases""})"
0.0020316944331572532,frozenset({'GBC Twin Loop Wire Binding Elements'})
0.0016253555465258025,"frozenset({'Perma STOR-ALL Hanging File Box, 13 1/8""W x 12 1/4""D x 10 1/2""H'})"
0.0010158472165786266,frozenset({'BIC Brite Liner Grip Highlighters'})
0.0016253555465258025,frozenset({'WD My Passport Ultra 2TB Portable External Hard Drive'})
0.0014221861032100772,frozenset({'ImationÂ\xa0Clip USBÂ\xa0flash driveÂ\xa0- 8 GB'})
0.001219016659894352,frozenset({'Newell 3-Hole Punched Plastic Slotted Magazine Holders for Binders'})
0.0010158472165786266,frozenset({'Acco 6 Outlet Guardian Standard Surge Suppressor'})
0.0010158472165786266,"frozenset({'Acme Hot Forged Carbon Steel Scissors with Nickel-Plated Handles, 3 7/8"" Cut, 8""L'})"
0.0020316944331572532,frozenset({'Avery Heavy-Duty EZD View Binder with Locking Rings'})
0.001219016659894352,frozenset({'Belkin Standard 104 key USB Keyboard'})
0.0028443722064201544,"frozenset({""Global Wood Trimmed Manager's Task Chair, Khaki""})"
0.0010158472165786266,frozenset({'Jabra Supreme Plus Driver EditionÂ\xa0Headset'})
0.001219016659894352,frozenset({'Binder Posts'})
0.0010158472165786266,frozenset({'Bevis Round Conference Table Top & Single Column Base'})
0.0016253555465258025,frozenset({'Xerox 1978'})
0.001219016659894352,"frozenset({'Eldon Spacemaker Box, Quick-Snap Lid, Clear'})"
0.0010158472165786266,frozenset({'Plymouth Boxed Rubber Bands by Plymouth'})
0.0010158472165786266,frozenset({'3.6 Cubic Foot Counter Height Office Refrigerator'})
0.0010158472165786266,"frozenset({""O'Sullivan Elevations Bookcase, Cherry Finish""})"
0.0014221861032100772,"frozenset({""Eldon ProFile File 'N Store Portable File Tub Letter/Legal Size Black""})"
0.0010158472165786266,frozenset({'Southworth Parchment Paper & Envelopes'})
0.001219016659894352,frozenset({'GBC Personal VeloBind Strips'})
0.0016253555465258025,frozenset({'Novimex Fabric Task Chair'})
0.001219016659894352,"frozenset({'Master Big Foot Doorstop, Beige'})"
0.001219016659894352,"frozenset({'Avery Framed View Binder, EZD Ring (Locking), Navy, 1 1/2""'})"
0.0018285249898415277,"frozenset({'Fellowes Twister Kit, Gray/Clear, 3/pkg'})"
0.0018285249898415277,frozenset({'Plantronics Audio 478 Stereo USB Headset'})
0.0010158472165786266,frozenset({'Hon 94000 Series Round Tables'})
0.0010158472165786266,frozenset({'Anker Ultra-Slim Mini Bluetooth 3.0 Wireless Keyboard'})
0.0014221861032100772,frozenset({'Computer Printout Paper with Letter-Trim Perforations'})
0.001219016659894352,frozenset({'Avery 52'})
0.0020316944331572532,frozenset({'GBC DocuBind P50 Personal Binding Machine'})
0.0014221861032100772,frozenset({'Boston KS Multi-Size Manual Pencil Sharpener'})
0.0020316944331572532,frozenset({'Tennsco 6- and 18-Compartment Lockers'})
0.001219016659894352,frozenset({'Xerox 1888'})
0.0010158472165786266,frozenset({'Mobile Personal File Cube'})
0.001219016659894352,frozenset({'DMI Eclipse Executive Suite Bookcases'})
0.0010158472165786266,"frozenset({'Belkin SportFit Armband For iPhone 5s/5c, Fuchsia'})"
0.0010158472165786266,"frozenset({'DataProducts Ampli Magnifier Task Lamp, Black,'})"
0.0010158472165786266,"frozenset({'Message Book, Phone, Wirebound Standard Line Memo, 2 3/4"" X 5""'})"
0.0022348638764729785,"frozenset({'Eldon Expressions Wood Desk Accessories, Oak'})"
0.0014221861032100772,frozenset({'Acme Office Executive Series Stainless Steel Trimmers'})
0.001219016659894352,"frozenset({'Chromcraft Bull-Nose Wood 48"" x 96"" Rectangular Conference Tables'})"
0.0010158472165786266,frozenset({'Spigen Samsung Galaxy S5 Case Wallet'})
0.0010158472165786266,frozenset({'Wilson Jones data.warehouse D-Ring Binders with DublLock'})
0.0010158472165786266,"frozenset({""Hon Mobius Operator's Chair""})"
0.001219016659894352,frozenset({'Fellowes Mighty 8 Compact Surge Protector'})
0.0010158472165786266,"frozenset({'Eldon Executive Woodline II Desk Accessories, Mahogany'})"
0.001219016659894352,frozenset({'Euro-Pro Shark Turbo Vacuum'})
0.0010158472165786266,"frozenset({'Metal Folding Chairs, Beige, 4/Carton'})"
0.0016253555465258025,frozenset({'Nontoxic Chalk'})
0.001219016659894352,frozenset({'Xerox 1991'})
0.001219016659894352,frozenset({'Fellowes Advanced Computer Series Surge Protectors'})
0.001219016659894352,frozenset({'Recycled Steel Personal File for Hanging File Folders'})
0.0014221861032100772,frozenset({'Manco Dry-Lighter Erasable Highlighter'})
0.0022348638764729785,frozenset({'Avery Self-Adhesive Photo Pockets for Polaroid Photos'})
0.001219016659894352,frozenset({'Xerox 1959'})
0.001219016659894352,frozenset({'Wi-Ex zBoost YX540 Cellular Phone Signal Booster'})
0.0016253555465258025,"frozenset({'Wirebound Message Books, Four 2 3/4"" x 5"" Forms per Page, 600 Sets per Book'})"
0.0010158472165786266,frozenset({'Logitech diNovo Edge Keyboard'})
0.0016253555465258025,frozenset({'Xerox 227'})
0.0020316944331572532,frozenset({'Fellowes Bases and Tops For Staxonsteel/High-Stak Systems'})
0.0014221861032100772,frozenset({'Deflect-o Glass Clear Studded Chair Mats'})
0.0010158472165786266,"frozenset({'Eureka Sanitaire  Multi-Pro Heavy-Duty Upright, Disposable Bags'})"
0.0014221861032100772,frozenset({'Plantronics MX500i Earset'})
0.001219016659894352,frozenset({'Logitech G35 7.1-Channel Surround Sound Headset'})
0.001219016659894352,frozenset({'ImationÂ\xa0SecureÂ\xa0DriveÂ\xa0+ Hardware Encrypted USBÂ\xa0flash driveÂ\xa0- 16 GB'})
0.001219016659894352,frozenset({'Tenex Antistatic Computer Chair Mats'})
0.0016253555465258025,"frozenset({'REDIFORM Incoming/Outgoing Call Register, 11"" X 8 1/2"", 100 Messages'})"
0.001219016659894352,frozenset({'Tripp Lite Isotel 6 Outlet Surge Protector with Fax/Modem Protection'})
0.001219016659894352,frozenset({'Nu-Dell Executive Frame'})
0.0020316944331572532,frozenset({'Belkin 5 Outlet SurgeMaster Power Centers'})
0.0010158472165786266,frozenset({'Insertable Tab Indexes For Data Binders'})
0.0022348638764729785,frozenset({'Satellite Sectional Post Binders'})
0.0010158472165786266,frozenset({'Memorex Micro Travel Drive 32 GB'})
0.0016253555465258025,frozenset({'SpineVue Locking Slant-D Ring Binders by Cardinal'})
0.0010158472165786266,"frozenset({'Rubbermaid ClusterMat Chairmats, Mat Size- 66"" x 60"", Lip 20"" x 11"" -90 Degree Angle'})"
0.001219016659894352,frozenset({'Acco Hot Clips Clips to Go'})
0.0010158472165786266,frozenset({'Xerox 1951'})
0.001219016659894352,frozenset({'Hewlett Packard 310 Color Digital Copier'})
0.001219016659894352,frozenset({'Xerox 1903'})
0.0010158472165786266,frozenset({'LogitechÂ\xa0VX Revolution Cordless Laser Mouse for Notebooks (Black)'})
0.0010158472165786266,"frozenset({""O'Sullivan Plantations 2-Door Library in Landvery Oak""})"
0.0010158472165786266,frozenset({'Panasonic KX-TG9541B DECT 6.0 Digital 2-Line Expandable Cordless Phone With Digital Answering System'})
0.0010158472165786266,frozenset({'Razer Kraken 7.1 Surround Sound Over Ear USB Gaming Headset'})
0.0014221861032100772,frozenset({'GBC Wire Binding Combs'})
0.001219016659894352,"frozenset({'Iceberg Nesting Folding Chair, 19w x 6d x 43h'})"
0.0010158472165786266,frozenset({'Xerox 23'})
0.001219016659894352,frozenset({'Kensington K72356US Mouse-in-a-Box USB Desktop Mouse'})
0.0010158472165786266,frozenset({'Avery 50'})
0.0016253555465258025,"frozenset({'SAFCO Mobile Desk Side File, Wire Frame'})"
0.0014221861032100772,frozenset({'Xerox 1895'})
0.001219016659894352,"frozenset({'#10 White Business Envelopes,4 1/8 x 9 1/2'})"
0.0014221861032100772,frozenset({'Belkin 8 Outlet Surge Protector'})
0.001219016659894352,"frozenset({'Tennsco Snap-Together Open Shelving Units, Starter Sets and Add-On Units'})"
0.001219016659894352,frozenset({'Avery 49'})
0.001219016659894352,frozenset({'Hoover Upright Vacuum With Dirt Cup'})
0.0016253555465258025,"frozenset({""GBC Standard Plastic Binding Systems' Combs""})"
0.0010158472165786266,frozenset({'Eldon Image Series Black Desk Accessories'})
0.001219016659894352,"frozenset({'Executive Impressions 12"" Wall Clock'})"
0.001219016659894352,frozenset({'Bretford CR8500 Series Meeting Room Furniture'})
0.0010158472165786266,frozenset({'Canon imageCLASS 2200 Advanced Copier'})
0.0016253555465258025,frozenset({'Accohide Poly Flexible Ring Binders'})
0.0010158472165786266,frozenset({'SAFCO Optional Arm Kit for Workspace Cribbage Stacking Chair'})
0.0014221861032100772,frozenset({'Stackable Trays'})
0.0016253555465258025,"frozenset({'Executive Impressions 13"" Clairmont Wall Clock'})"
0.0010158472165786266,"frozenset({'GBC Laser Imprintable Binding System Covers, Desert Sand'})"
0.0010158472165786266,frozenset({'Xerox 2000'})
0.0010158472165786266,frozenset({'Green Bar Computer Printout Paper'})
0.001219016659894352,"frozenset({'GBC Pre-Punched Binding Paper, Plastic, White, 8-1/2"" x 11""'})"
0.0010158472165786266,frozenset({'Google Nexus 5'})
0.0010158472165786266,frozenset({'Advantus Motivational Note Cards'})
0.0014221861032100772,frozenset({'Ibico Presentation Index for Binding Systems'})
0.0010158472165786266,"frozenset({'Adams ""While You Were Out"" Message Pads'})"
0.001219016659894352,"frozenset({'Wirebound Four 2-3/4 x 5 Forms per Page, 400 Sets per Book'})"
0.0020316944331572532,frozenset({'AT&T 17929 Lendline Telephone'})
0.0016253555465258025,frozenset({'Avery Fluorescent Highlighter Four-Color Set'})
0.001219016659894352,frozenset({'Xerox 1944'})
0.0010158472165786266,frozenset({'Xerox 1885'})
0.0014221861032100772,"frozenset({'Computer Room Manger, 14""'})"
0.0010158472165786266,frozenset({'Plantronics Voyager Pro HD - Bluetooth Headset'})
0.001219016659894352,frozenset({'BlackBerry Q10'})
0.0016253555465258025,frozenset({'Compact Automatic Electric Letter Opener'})
0.0014221861032100772,frozenset({'SanDisk Ultra 16 GB MicroSDHC Class 10 Memory Card'})
0.001219016659894352,frozenset({'Advantus Rolling Drawer Organizers'})
0.0010158472165786266,frozenset({'Maxell 4.7GB DVD-R 5/Pack'})
0.0014221861032100772,frozenset({'GBC Plasticlear Binding Covers'})
0.0016253555465258025,frozenset({'APC 7 Outlet Network SurgeArrest Surge Protector'})
0.0010158472165786266,frozenset({'Maxell 4.7GB DVD+R 5/Pack'})
0.001219016659894352,frozenset({'Advantus Map Pennant Flags and Round Head Tacks'})
0.001219016659894352,frozenset({'Xerox 1942'})
0.0010158472165786266,"frozenset({'Carina Mini System Audio Rack, Model AR050B'})"
0.0010158472165786266,frozenset({'Xerox 201'})
0.0010158472165786266,"frozenset({'Eldon Expressions Punched Metal & Wood Desk Accessories, Black & Cherry'})"
0.0014221861032100772,frozenset({'Dana Swing-Arm Lamps'})
0.001219016659894352,"frozenset({'Wirebound Message Books, Four 2 3/4 x 5 Forms per Page, 200 Sets per Book'})"
0.0016253555465258025,"frozenset({'Dual Level, Single-Width Filing Carts'})"
0.0010158472165786266,frozenset({'Xerox 1971'})
0.0014221861032100772,"frozenset({'Eberhard Faber 3 1/2"" Golf Pencils'})"
0.0010158472165786266,"frozenset({'Tenex Carpeted, Granite-Look or Clear Contemporary Contour Shape Chair Mats'})"
0.0018285249898415277,frozenset({'Global Highback Leather Tilter in Burgundy'})
0.0010158472165786266,"frozenset({'Eldon 400 Class Desk Accessories, Black Carbon'})"
0.0016253555465258025,"frozenset({'Wilson Jones Clip & Carry Folder Binder Tool for Ring Binders, Clear'})"
0.0016253555465258025,frozenset({'Harbour Creations 67200 Series Stacking Chairs'})
0.001219016659894352,frozenset({'Samsung Galaxy Mega 6.3'})
0.0016253555465258025,"frozenset({'DAX Two-Tone Rosewood/Black Document Frame, Desktop, 5 x 7'})"
0.0014221861032100772,frozenset({'Xerox 1997'})
0.001219016659894352,frozenset({'Stacking Trays by OIC'})
0.0014221861032100772,"frozenset({'SlimView Poly Binder, 3/8""'})"
0.0016253555465258025,"frozenset({'Boston Electric Pencil Sharpener, Model 1818, Charcoal Black'})"
0.001219016659894352,frozenset({'36X48 HARDFLOOR CHAIRMAT'})
0.0010158472165786266,frozenset({'Xerox 230'})
0.0014221861032100772,frozenset({'Vtech CS6719'})
0.0010158472165786266,frozenset({'Okidata C331dn Printer'})
0.001219016659894352,frozenset({'Aastra 6757i CT Wireless VoIP phone'})
0.001219016659894352,frozenset({'G.E. Longer-Life Indoor Recessed Floodlight Bulbs'})
0.0014221861032100772,frozenset({'Panasonic KX TS3282W Corded phone'})
0.0016253555465258025,"frozenset({'Global Leather and Oak Executive Chair, Black'})"
0.0014221861032100772,frozenset({'Ibico Ibimaster 300 Manual Binding System'})
0.0018285249898415277,frozenset({'Wilson Jones Impact Binders'})
0.0014221861032100772,frozenset({'Newell 34'})
0.0010158472165786266,frozenset({'Polycom CX300 Desktop Phone USB VoIP phone'})
0.0010158472165786266,frozenset({'Sterilite Show Offs Storage Containers'})
0.0018285249898415277,frozenset({'Tennsco Commercial Shelving'})
0.0014221861032100772,frozenset({'Samsung HM1900 Bluetooth Headset'})
0.0014221861032100772,frozenset({'Plantronics Encore H101 Dual EarpiecesÂ\xa0Headset'})
0.0010158472165786266,frozenset({'Memorex Mini Travel Drive 64 GB USB 2.0 Flash Drive'})
0.0022348638764729785,frozenset({'Xerox 1893'})
0.001219016659894352,frozenset({'Kensington Expert Mouse Optical USB Trackball for PC or Mac'})
0.001219016659894352,frozenset({'Tenex Chairmats For Use with Hard Floors'})
0.0020316944331572532,"frozenset({'Acco Flexible ACCOHIDE Square Ring Data Binder, Dark Blue, 11 1/2"" X 14"" 7/8""'})"
0.0010158472165786266,"frozenset({'Barricks 18"" x 48"" Non-Folding Utility Table with Bottom Storage Shelf'})"
0.0010158472165786266,"frozenset({'Executive Impressions 10"" Spectator Wall Clock'})"
0.0010158472165786266,"frozenset({'Hon Metal Bookcases, Putty'})"
0.0010158472165786266,"frozenset({'Tenex Personal Filing Tote With Secure Closure Lid, Black/Frost'})"
0.001219016659894352,frozenset({'Xerox 1900'})
0.001219016659894352,frozenset({'OIC Stacking Trays'})
0.0016253555465258025,"frozenset({'Global Armless Task Chair, Royal Blue'})"
0.001219016659894352,"frozenset({'Message Book, Wirebound, Four 5 1/2"" X 4"" Forms/Pg., 200 Dupl. Sets/Book'})"
0.0010158472165786266,frozenset({'Polycom VoiceStation 500 ConferenceÂ\xa0phone'})
0.0010158472165786266,"frozenset({'Binney & Smith inkTank Desk Highlighter, Chisel Tip, Yellow, 12/Box'})"
0.0010158472165786266,frozenset({'KeyTronicÂ\xa0E03601U1 -Â\xa0KeyboardÂ\xa0- Beige'})
0.0010158472165786266,"frozenset({'Hon Metal Bookcases, Black'})"
0.001219016659894352,frozenset({'Avery Metallic Poly Binders'})
0.001219016659894352,frozenset({'Acco 6 Outlet Guardian Premium Plus Surge Suppressor'})
0.0010158472165786266,frozenset({'Ooma Telo VoIP Home Phone System'})
0.0010158472165786266,frozenset({'Xerox 200'})
0.001219016659894352,frozenset({'Akro Stacking Bins'})
0.0010158472165786266,frozenset({'PayAnywhere Card Reader'})
0.001219016659894352,frozenset({'Boston Home & Office Model 2000 Electric Pencil Sharpeners'})
0.0010158472165786266,frozenset({'Newell 31'})
0.0014221861032100772,"frozenset({'Premium Transparent Presentation Covers, No Pattern/Clear, 8 1/2"" x 11""'})"
0.001219016659894352,frozenset({'Xerox 1966'})
0.0010158472165786266,frozenset({'Acme Kleen Earth Office Shears'})
0.0016253555465258025,frozenset({'Acrylic Self-Standing Desk Frames'})
0.0014221861032100772,"frozenset({'Elite 5"" Scissors'})"
0.0010158472165786266,frozenset({'Avery 492'})
0.0010158472165786266,frozenset({'Adjustable Personal File Tote'})
0.001219016659894352,frozenset({'Prismacolor Color Pencil Set'})
0.0014221861032100772,frozenset({'Sharp 1540cs Digital Laser Copier'})
0.0010158472165786266,frozenset({'Office Star - Mid Back Dual function Ergonomic High Back Chair with 2-Way Adjustable Arms'})
0.0010158472165786266,"frozenset({'Acco Banker\'s Clasps, 5 3/4""-Long'})"
0.0010158472165786266,frozenset({'Balt Split Level Computer Training Table'})
0.0014221861032100772,frozenset({'Dixon Ticonderoga Core-Lock Colored Pencils'})
0.0018285249898415277,"frozenset({'Office Star - Contemporary Task Swivel chair with Loop Arms, Charcoal'})"
0.0016253555465258025,frozenset({'Ibico EB-19 Dual Function Manual Binding System'})
0.001219016659894352,frozenset({'GBC Poly Designer Binding Covers'})
0.0010158472165786266,"frozenset({'Maxell 74 Minute CDR, 10/Pack'})"
0.0014221861032100772,"frozenset({'Bush Heritage Pine Collection 5-Shelf Bookcase, Albany Pine Finish, *Special Order'})"
0.0010158472165786266,frozenset({'Riverleaf Stik-Withit Designer Note Cubes'})
0.001219016659894352,frozenset({'Newell 348'})
0.0010158472165786266,"frozenset({'Eldon Expressions Wood and Plastic Desk Accessories, Oak'})"
0.001219016659894352,frozenset({'Black & Decker Filter for Double Action Dustbuster Cordless Vac BLDV7210'})
0.001219016659894352,frozenset({'WD My Passport Ultra 1TB Portable External Hard Drive'})
0.0010158472165786266,"frozenset({'Memorex 25GB 6X Branded Blu-Ray Recordable Disc, 15/Pack'})"
0.001219016659894352,"frozenset({'Permanent Self-Adhesive File Folder Labels for Typewriters, 1 1/8 x 3 1/2, White'})"
0.0010158472165786266,frozenset({'Xerox 1933'})
0.0010158472165786266,"frozenset({'Green Canvas Binder for 8-1/2"" x 14"" Sheets'})"
0.0010158472165786266,frozenset({'Xerox 1975'})
0.0014221861032100772,frozenset({'Avery 487'})
0.001219016659894352,frozenset({'DAX Two-Tone Silver Metal Document Frame'})
0.0014221861032100772,frozenset({'SANFORD Major Accent Highlighters'})
0.0014221861032100772,frozenset({'Fellowes Staxonsteel Drawer Files'})
0.0010158472165786266,frozenset({'Avery Hi-Liter Smear-Safe Highlighters'})
0.0010158472165786266,frozenset({'Southworth 25% Cotton Premium Laser Paper and Envelopes'})
0.0010158472165786266,"frozenset({'Hoover Replacement Belts For Soft Guard & Commercial Ltweight Upright Vacs, 2/Pk'})"
0.0010158472165786266,frozenset({'Canon PC-428 Personal Copier'})
0.0010158472165786266,frozenset({'Xerox 1917'})
0.0010158472165786266,frozenset({'ImationÂ\xa030456 USBÂ\xa0Flash DriveÂ\xa08GB'})
0.0010158472165786266,frozenset({'Panasonic KX TS208W Corded phone'})
0.0010158472165786266,frozenset({'AmazonBasics 3-Button USB Wired Mouse'})
0.0010158472165786266,"frozenset({'Tyvek Interoffice Envelopes, 9 1/2"" x 12 1/2"", 100/Box'})"
0.001219016659894352,"frozenset({'Avery Triangle Shaped Sheet Lifters, Black, 2/Pack'})"
0.0010158472165786266,"frozenset({'DAX Contemporary Wood Frame with Silver Metal Mat, Desktop, 11 x 14 Size'})"
0.001219016659894352,frozenset({'Astroparche Fine Business Paper'})
0.0010158472165786266,frozenset({'Samsung Galaxy S4'})
0.0010158472165786266,frozenset({'Office Star Flex Back Scooter Chair with Aluminum Finish Frame'})
0.0010158472165786266,frozenset({'Xerox 209'})
0.001219016659894352,"frozenset({'Peel & Seel Recycled Catalog Envelopes, Brown'})"
0.0010158472165786266,frozenset({'iOttie HLCRIO102 Car Mount'})
0.0010158472165786266,frozenset({'Eldon 500 Class Desk Accessories'})
0.0014221861032100772,frozenset({'Xerox 1906'})
0.0010158472165786266,"frozenset({'SAFCO PlanMaster Boards, 60w x 37-1/2d, White Melamine'})"
0.0010158472165786266,frozenset({'Hunt Boston Vacuum Mount KS Pencil Sharpener'})
0.001219016659894352,frozenset({'Hon Comfortask Task/Swivel Chairs'})
0.001219016659894352,frozenset({'Tenex B1-RE Series Chair Mats for Low Pile Carpets'})
0.001219016659894352,frozenset({'Griffin GC17055 Auxiliary Audio Cable'})
0.0014221861032100772,frozenset({'Rogers Profile Extra Capacity Storage Tub'})
0.0010158472165786266,frozenset({'Xerox 1914'})
0.0010158472165786266,frozenset({'Acme Titanium Bonded Scissors'})
0.0010158472165786266,frozenset({'Xerox 1947'})
0.0010158472165786266,frozenset({'Deflect-o DuraMat Antistatic Studded Beveled Mat for Medium Pile Carpeting'})
0.001219016659894352,frozenset({'Motorola L703CM'})
0.0010158472165786266,frozenset({'Xerox 1899'})
